,Players,GP,MIN,PTS,FGM,FGA,FG%,3PM,3PA,3P%,FTM,FTA,FT%,OREB,DREB,REB,AST,STL,BLK,TOV,EFF,Salaries
0,Russell Westbrook,67,34.4,28.1,9.4,22.0,42.6,1.3,4.3,29.9,8.1,9.8,83.5,1.9,5.4,7.3,8.6,2.1,0.2,4.4,27.7,"$15,719,062"
1,James Harden,81,36.8,27.4,8.0,18.1,44.0,2.6,6.9,37.5,8.8,10.2,86.8,0.9,4.7,5.7,7.0,1.9,0.7,4.0,27.2,"$14,728,844"
2,LeBron James,69,36.1,25.3,9.0,18.5,48.8,1.7,4.9,35.4,5.4,7.7,71.0,0.7,5.3,6.0,7.4,1.6,0.7,3.9,25.3,"$20,644,400"
3,Anthony Davis,68,36.1,24.4,9.4,17.6,53.5,0.0,0.2,8.3,5.5,6.8,80.5,2.5,7.7,10.2,2.2,1.5,2.9,1.4,30.3,"$5,607,240"
4,DeMarcus Cousins,59,34.1,24.1,8.4,18.1,46.7,0.0,0.1,25.0,7.2,9.2,78.2,3.1,9.5,12.7,3.6,1.5,1.7,4.3,27.6,"$14,746,000"
5,Stephen Curry,80,32.7,23.8,8.2,16.8,48.7,3.6,8.1,44.3,3.9,4.2,91.4,0.7,3.6,4.3,7.7,2.0,0.2,3.1,25.9,"$10,629,213"
6,LaMarcus Aldridge,71,35.4,23.4,9.3,19.9,46.6,0.5,1.5,35.2,4.3,5.1,84.5,2.5,7.7,10.2,1.7,0.7,1.0,1.7,23.8,"$16,006,000"
7,Blake Griffin,67,35.2,21.9,8.6,17.1,50.2,0.1,0.4,40.0,4.6,6.4,72.8,1.9,5.7,7.6,5.3,0.9,0.5,2.3,23.7,"$17,674,613"
8,Kyrie Irving,75,36.4,21.7,7.7,16.5,46.8,2.1,5.0,41.5,4.2,4.9,86.3,0.7,2.4,3.2,5.2,1.5,0.3,2.5,19.9,"$7,070,730"
9,Klay Thompson,77,31.9,21.7,7.8,16.9,46.3,3.1,7.1,43.9,2.9,3.3,87.9,0.4,2.9,3.2,2.9,1.1,0.8,1.9,18.3,"$3,075,880"
10,Dwyane Wade,62,31.8,21.5,8.2,17.5,47.0,0.5,1.6,28.4,4.6,6.0,76.8,0.9,2.6,3.5,4.8,1.2,0.3,3.4,17.3,"$15,000,000"
11,Rudy Gay,68,35.4,21.1,7.5,16.4,45.5,1.2,3.2,35.9,5.0,5.8,85.8,1.4,4.4,5.9,3.7,1.0,0.6,2.7,19.8,"$19,317,326"
12,Damian Lillard,82,35.7,21.0,7.2,16.6,43.4,2.4,7.0,34.3,4.2,4.9,86.4,0.6,4.0,4.6,6.2,1.2,0.3,2.7,20.5,"$3,340,920"
13,DeMar DeRozan,60,35.0,20.1,6.8,16.5,41.3,0.4,1.5,28.4,6.0,7.2,83.2,0.7,3.9,4.6,3.5,1.2,0.2,2.3,16.4,"$10,100,000"
14,Jimmy Butler,65,38.7,20.0,6.5,14.0,46.2,1.1,3.0,37.8,5.9,7.1,83.4,1.8,4.1,5.8,3.3,1.8,0.6,1.4,21.2,"$2,008,748"
15,Nikola Vucevic,74,34.2,19.3,8.5,16.3,52.3,0.0,0.1,33.3,2.2,2.9,75.2,3.2,7.7,10.9,2.0,0.7,0.7,2.0,23.2,"$2,751,260"
16,Gordon Hayward,76,34.4,19.3,6.4,14.3,44.5,1.6,4.3,36.4,4.9,6.1,81.2,0.7,4.2,4.9,4.1,1.4,0.4,2.7,18.3,"$14,746,000"
17,Chris Paul,82,34.8,19.1,6.9,14.3,48.5,1.7,4.3,39.8,3.5,3.9,90.0,0.6,4.0,4.6,10.2,1.9,0.2,2.3,25.9,"$20,068,563"
18,Monta Ellis,80,33.7,18.9,7.5,16.9,44.5,1.0,3.6,28.5,2.9,3.8,75.2,0.4,2.0,2.4,4.1,1.9,0.3,2.5,14.8,"$8,360,000"
19,Pau Gasol,78,34.4,18.5,7.3,14.8,49.4,0.2,0.3,46.2,3.8,4.7,80.3,2.8,9.0,11.8,2.7,0.3,1.9,2.0,24.8,"$7,128,000"
20,Victor Oladipo,72,35.7,17.9,6.6,15.1,43.6,1.2,3.4,33.9,3.6,4.4,81.9,0.7,3.5,4.2,4.1,1.7,0.3,2.8,16.0,"$4,978,200"
21,Kyle Lowry,70,34.5,17.8,6.1,14.9,41.2,1.9,5.6,33.8,3.6,4.5,80.8,0.8,3.9,4.7,6.8,1.6,0.2,2.5,18.9,"$12,000,000"
22,John Wall,79,35.9,17.6,6.6,14.8,44.5,0.8,2.7,30.0,3.6,4.6,78.5,0.5,4.2,4.6,10.0,1.7,0.6,3.8,21.5,"$14,746,000"
23,Marc Gasol,81,33.2,17.4,6.5,13.2,49.4,0.0,0.2,17.6,4.3,5.4,79.5,1.4,6.4,7.8,3.8,0.9,1.6,2.2,21.5,"$15,829,688"
24,Kemba Walker,62,34.2,17.3,6.1,15.8,38.5,1.4,4.5,30.4,3.8,4.6,82.7,0.6,3.0,3.5,5.1,1.4,0.5,1.6,15.8,"$3,272,091"
25,Dirk Nowitzki,77,29.6,17.3,6.3,13.8,45.9,1.4,3.6,38.0,3.3,3.8,88.2,0.6,5.4,5.9,1.9,0.5,0.4,1.1,17.1,"$7,974,482"
26,Brook Lopez,72,29.2,17.2,7.0,13.7,51.3,0.0,0.1,10.0,3.1,3.8,81.4,3.0,4.5,7.4,0.7,0.6,1.8,1.4,18.8,"$15,719,062"
27,Tobias Harris,68,34.8,17.1,6.5,14.0,46.6,1.3,3.5,36.4,2.8,3.6,78.8,1.1,5.3,6.3,1.8,1.0,0.5,1.7,16.9,"$2,380,594"
28,Eric Bledsoe,81,34.6,17.0,5.8,12.9,44.7,1.1,3.4,32.4,4.4,5.4,80.0,0.9,4.3,5.2,6.1,1.6,0.6,3.4,18.8,"$13,000,000"
29,Brandon Knight,63,32.3,17.0,6.0,14.1,42.2,2.0,5.1,38.9,3.1,3.5,87.4,0.4,3.4,3.9,5.2,1.4,0.2,3.0,16.1,"$3,553,917"
30,Andrew Wiggins,82,36.2,16.9,6.1,13.9,43.7,0.5,1.5,31.0,4.3,5.7,76.0,1.6,2.9,4.6,2.1,1.0,0.6,2.2,13.9,"$5,510,640"
31,Paul Millsap,73,32.7,16.7,6.1,12.7,47.6,1.1,3.0,35.6,3.5,4.6,75.7,1.9,5.9,7.8,3.1,1.8,0.9,2.3,20.2,"$9,500,000"
32,Al Jefferson,65,30.6,16.6,7.5,15.5,48.1,0.0,0.1,40.0,1.7,2.5,65.5,1.5,6.9,8.4,1.7,0.7,1.3,1.0,18.8,"$13,500,000"
33,Tyreke Evans,79,34.1,16.6,6.6,14.7,44.7,0.9,2.9,30.4,2.6,3.7,69.4,1.0,4.2,5.3,6.6,1.3,0.5,3.1,17.8,"$11,265,416"
34,Kawhi Leonard,64,31.8,16.5,6.2,12.8,47.9,1.0,3.0,34.9,3.2,3.9,80.2,1.3,5.9,7.2,2.5,2.3,0.8,1.5,20.3,"$2,894,059"
35,Isaiah Thomas,67,25.8,16.4,5.0,11.9,42.1,1.9,5.2,37.3,4.5,5.2,86.8,0.5,1.8,2.3,4.2,0.9,0.1,2.1,14.2,"$7,238,606"
36,Kevin Love,75,33.8,16.4,5.5,12.7,43.4,1.9,5.2,36.7,3.4,4.3,80.4,1.9,7.9,9.7,2.2,0.7,0.5,1.6,19.9,"$15,719,063"
37,JJ Redick,78,30.9,16.4,5.7,12.0,47.7,2.6,5.9,43.7,2.3,2.6,90.1,0.3,1.9,2.1,1.8,0.5,0.1,1.2,13.1,"$6,792,500"
38,Goran Dragic,78,33.8,16.3,6.4,12.8,50.1,1.2,3.3,34.7,2.3,3.0,77.4,1.0,2.5,3.5,4.5,1.0,0.2,2.2,16.2,"$7,500,000"
39,Zach Randolph,71,32.5,16.1,6.4,13.1,48.7,0.1,0.3,35.0,3.2,4.2,76.5,3.2,7.4,10.5,2.2,1.0,0.2,2.2,20.0,"$16,500,000"
40,Derrick Favors,74,30.8,16.0,6.5,12.4,52.5,0.0,0.1,16.7,3.0,4.5,66.9,2.6,5.6,8.2,1.5,0.8,1.7,1.6,19.2,"$12,950,000"
41,Wesley Matthews,60,33.7,15.9,5.6,12.5,44.8,2.9,7.4,38.9,1.8,2.4,75.2,0.6,3.1,3.7,2.3,1.3,0.2,1.4,14.5,"$7,245,640"
42,Jeff Teague,73,30.5,15.9,5.6,12.2,46.0,1.0,2.8,34.3,3.8,4.4,86.2,0.4,2.1,2.5,7.0,1.7,0.4,2.8,17.6,"$8,000,000"
43,Greg Monroe,69,31.0,15.9,6.1,12.4,49.6,0.0,0.0,0.0,3.7,4.9,75.0,3.3,6.9,10.2,2.1,1.1,0.5,2.2,20.2,"$5,479,934"
44,Mike Conley,70,31.8,15.8,5.6,12.6,44.6,1.5,4.0,38.6,3.1,3.6,85.9,0.4,2.6,3.0,5.4,1.3,0.2,2.2,15.9,"$8,694,216"
45,Jamal Crawford,64,26.6,15.8,5.2,13.1,39.6,1.9,5.7,32.7,3.5,3.9,90.1,0.3,1.7,1.9,2.5,0.9,0.2,1.4,11.6,"$5,450,000"
46,Chandler Parsons,66,33.1,15.7,5.8,12.6,46.2,2.0,5.3,38.0,2.1,2.9,72.0,1.0,3.9,4.9,2.4,1.0,0.3,1.5,15.3,"$14,700,000"
47,Lou Williams,80,25.2,15.5,4.7,11.6,40.4,1.9,5.6,34.0,4.3,4.9,86.1,0.3,1.6,1.9,2.1,1.1,0.1,1.3,11.8,"$5,450,000"
48,Enes Kanter,75,28.5,15.5,6.4,12.4,51.9,0.2,0.6,35.6,2.4,3.1,78.2,3.7,5.3,8.9,0.7,0.5,0.4,1.9,17.5,"$5,694,674"
49,Markieff Morris,82,31.5,15.3,6.2,13.4,46.5,0.7,2.2,31.8,2.2,2.8,76.3,1.3,4.8,6.2,2.3,1.2,0.5,2.1,15.6,"$2,989,239"
50,Bradley Beal,63,33.4,15.3,5.8,13.5,42.7,1.7,4.1,40.9,2.1,2.6,78.3,0.9,2.9,3.8,3.1,1.2,0.3,2.0,13.4,"$4,505,280"
51,Ty Lawson,75,35.5,15.2,5.4,12.3,43.6,0.9,2.7,34.1,3.5,4.8,73.0,0.6,2.6,3.1,9.6,1.2,0.1,2.5,18.6,"$11,595,506"
52,Al Horford,76,30.5,15.2,6.8,12.7,53.8,0.1,0.5,30.6,1.4,1.9,75.9,1.7,5.4,7.2,3.2,0.9,1.3,1.3,20.1,"$12,000,000"
53,Jeff Green,78,31.5,15.0,5.3,12.4,43.0,1.2,3.7,33.2,3.1,3.7,83.3,0.8,3.4,4.2,1.7,0.7,0.4,1.4,12.9,"$9,200,000"
54,Michael Carter-Williams,66,32.6,14.6,5.5,13.9,39.6,0.5,2.3,23.5,3.1,4.4,69.4,1.0,4.4,5.3,6.7,1.7,0.5,3.8,15.2,"$2,300,040"
55,Reggie Jackson,77,29.5,14.5,5.6,12.9,43.4,0.9,3.1,29.9,2.4,2.8,83.0,0.7,3.5,4.2,6.0,0.8,0.1,2.4,15.5,"$2,204,369"
56,Joe Johnson,80,34.9,14.4,5.6,12.8,43.5,1.5,4.2,35.9,1.8,2.2,80.1,0.7,4.1,4.8,3.7,0.7,0.2,1.7,14.4,"$23,180,790"
57,Tony Parker,68,28.7,14.4,5.9,12.2,48.6,0.6,1.3,42.7,1.9,2.4,78.3,0.2,1.7,1.9,4.9,0.6,0.0,2.1,12.9,"$12,500,000"
58,Serge Ibaka,64,33.1,14.3,5.8,12.3,47.6,1.2,3.2,37.6,1.4,1.7,83.6,2.1,5.7,7.8,0.9,0.5,2.4,1.5,17.6,"$12,350,000"
59,Mo Williams,68,29.1,14.2,5.0,12.6,39.7,1.8,5.1,34.2,2.4,2.8,87.2,0.3,2.2,2.6,6.2,0.7,0.2,2.5,13.3,"$3,965,074"
60,Thaddeus Young,76,32.0,14.1,5.9,12.7,46.6,0.5,1.5,33.0,1.7,2.6,65.5,1.7,3.7,5.4,2.3,1.6,0.3,1.5,14.5,"$9,410,869"
61,Luol Deng,72,33.6,14.0,5.1,10.9,46.9,1.1,3.1,35.5,2.7,3.5,76.1,1.4,3.8,5.2,1.9,0.9,0.3,1.5,14.2,"$9,714,461"
62,Wilson Chandler,78,31.7,13.9,5.4,12.5,42.9,1.8,5.2,34.2,1.4,1.8,77.5,1.2,4.9,6.1,1.7,0.7,0.4,1.4,13.9,"$6,757,913"
63,Avery Bradley,77,31.5,13.9,5.6,13.2,42.8,1.6,4.6,35.2,1.0,1.3,79.0,0.6,2.5,3.1,1.8,1.1,0.2,1.4,10.8,"$7,191,011"
64,Tim Duncan,77,28.9,13.9,5.4,10.6,51.2,0.0,0.1,28.6,3.0,4.0,74.0,2.2,6.9,9.1,3.0,0.8,2.0,1.7,20.9,"$10,361,446"
65,Andre Drummond,82,30.5,13.8,6.0,11.7,51.4,0.0,0.0,0.0,1.7,4.5,38.9,5.3,8.1,13.5,0.7,0.9,1.9,1.5,20.8,"$2,568,360"
66,Ryan Anderson,61,27.5,13.7,4.8,12.0,39.9,2.0,5.9,34.0,2.1,2.5,85.4,1.8,3.1,4.8,0.9,0.5,0.3,1.0,11.7,"$8,491,500"
67,Robert Covington,70,27.9,13.5,4.3,10.8,39.6,2.4,6.4,37.4,2.5,3.1,82.0,0.9,3.6,4.5,1.5,1.4,0.4,1.8,12.4,"$1,000,000"
68,CJ Miles,70,26.3,13.5,4.7,11.8,39.8,2.2,6.4,34.5,1.9,2.3,80.7,0.3,2.8,3.1,1.1,0.9,0.4,1.0,10.2,"$4,205,000"
69,Eric Gordon,61,33.1,13.4,4.7,11.4,41.1,2.3,5.2,44.8,1.8,2.2,80.5,0.5,2.1,2.6,3.8,0.8,0.2,2.0,11.7,"$14,898,938"
70,Khris Middleton,79,30.1,13.4,5.1,11.0,46.7,1.4,3.4,40.7,1.7,2.0,85.9,0.6,3.8,4.4,2.3,1.5,0.1,1.4,14.2,"$915,243"
71,Jared Sullinger,58,27.0,13.3,5.4,12.2,43.9,0.9,3.2,28.3,1.7,2.2,74.4,2.5,5.1,7.6,2.3,0.8,0.7,1.3,15.9,"$1,424,520"
72,Arron Afflalo,78,32.1,13.3,4.8,11.3,42.4,1.5,4.3,35.4,2.1,2.5,84.3,0.3,2.8,3.2,1.7,0.5,0.1,1.5,10.3,"$7,500,000"
73,Deron Williams,68,31.1,13.0,4.4,11.3,38.7,1.3,3.5,36.7,3.0,3.5,83.4,0.4,3.1,3.5,6.6,0.9,0.3,2.3,14.5,"$19,754,465"
74,Trey Burke,76,30.1,12.8,4.9,13.2,36.8,1.6,5.1,31.8,1.4,1.9,75.2,0.4,2.3,2.7,4.3,0.9,0.2,1.6,10.4,"$2,548,560"
75,Trevor Ariza,82,35.7,12.8,4.5,11.1,40.2,2.4,6.8,35.0,1.5,1.7,85.3,0.9,4.7,5.6,2.5,1.9,0.2,1.7,14.4,"$8,579,089"
76,Kentavious Caldwell-Pope,82,31.5,12.7,4.8,11.9,40.1,1.9,5.4,34.5,1.3,1.9,69.6,0.6,2.5,3.1,1.3,1.1,0.2,1.1,9.7,"$2,772,480"
77,Giannis Antetokounmpo,81,31.4,12.7,4.7,9.6,49.1,0.1,0.5,15.9,3.2,4.3,74.1,1.2,5.5,6.7,2.6,0.9,1.0,2.1,15.8,"$1,873,200"
78,Rodney Stuckey,71,26.4,12.6,4.7,10.6,44.0,0.8,2.0,39.0,2.5,3.0,81.9,0.5,3.0,3.5,3.1,0.8,0.1,1.7,12.0,"$915,243"
79,DeMarre Carroll,70,31.3,12.6,4.5,9.3,48.7,1.7,4.3,39.5,1.8,2.6,70.2,1.4,3.9,5.3,1.7,1.3,0.2,1.1,14.6,"$2,442,455"
80,Kenneth Faried,75,27.8,12.6,5.0,9.8,50.7,0.0,0.1,12.5,2.7,3.8,69.1,3.2,5.7,8.9,1.2,0.8,0.8,1.6,16.7,"$2,249,768"
81,Danilo Gallinari,59,24.2,12.4,3.9,9.6,40.1,1.8,5.1,35.5,2.9,3.2,89.5,0.5,3.2,3.7,1.4,0.8,0.3,1.0,11.6,"$10,854,850"
82,Josh Smith,83,27.7,12.4,5.0,11.9,41.9,0.9,2.7,31.6,1.5,3.1,49.8,1.8,4.6,6.4,3.3,1.0,1.4,2.5,13.6,"$2,077,000"
83,Marcin Gortat,82,29.9,12.2,5.4,9.5,56.6,0.0,0.0,0.0,1.5,2.1,70.3,2.2,6.5,8.7,1.2,0.6,1.3,1.2,18.1,"$10,434,782"
84,Kyle Korver,75,32.2,12.1,3.9,8.0,48.7,2.9,6.0,49.2,1.4,1.6,89.8,0.2,3.9,4.1,2.6,0.7,0.6,1.4,14.4,"$6,253,521"
85,Ben McLemore,82,32.6,12.1,4.4,10.1,43.7,1.7,4.8,35.8,1.6,2.0,81.3,0.4,2.6,2.9,1.7,0.9,0.2,1.7,10.2,"$3,026,280"
86,Gerald Henderson,80,28.9,12.1,4.6,10.6,43.7,0.6,1.7,33.1,2.3,2.7,84.8,0.5,3.0,3.4,2.6,0.6,0.3,1.4,11.3,"$6,000,000"
87,JR Smith,70,29.7,12.1,4.5,10.8,41.7,2.3,6.1,38.3,0.8,1.0,75.0,0.4,2.7,3.1,2.8,1.2,0.3,1.4,11.6,"$6,515,510"
88,Donatas Motiejunas,71,28.7,12.0,5.0,9.9,50.4,0.7,1.9,36.8,1.4,2.3,60.2,1.9,4.0,5.9,1.8,0.8,0.5,1.7,13.5,"$1,483,920"
89,Jonas Valanciunas,80,26.2,12.0,4.7,8.2,57.2,0.0,0.0,0.0,2.7,3.5,78.6,2.7,6.0,8.7,0.5,0.4,1.2,1.4,17.2,"$3,678,360"
90,Evan Fournier,58,28.6,12.0,4.4,9.9,44.0,1.5,3.9,37.8,1.8,2.5,72.8,0.5,2.2,2.6,2.1,0.7,0.0,1.4,9.8,"$1,483,920"
91,Jordan Hill,70,26.8,12.0,5.1,11.1,45.9,0.0,0.2,27.3,1.8,2.4,73.8,2.5,5.5,7.9,1.5,0.5,0.7,1.5,14.5,"$9,000,000"
92,Jarrett Jack,80,28.0,12.0,4.5,10.2,43.9,0.5,1.8,26.7,2.5,2.8,88.1,0.2,2.8,3.1,4.7,0.9,0.2,2.4,12.3,"$6,300,000"
93,Gerald Green,74,19.5,11.9,4.4,10.5,41.6,1.9,5.2,35.4,1.3,1.6,82.5,0.4,2.1,2.5,1.2,0.6,0.2,1.4,8.6,"$3,500,000"
94,Jordan Clarkson,59,25.0,11.9,4.5,10.1,44.8,0.6,2.1,31.4,2.2,2.7,82.9,0.9,2.3,3.2,3.5,0.9,0.2,1.6,12.1,"$507,336"
95,Paul Pierce,73,26.2,11.9,4.0,9.0,44.7,1.6,4.2,38.9,2.2,2.9,78.1,0.6,3.4,4.0,2.0,0.6,0.3,1.3,12.0,"$5,305,000"
96,Carlos Boozer,71,23.8,11.8,5.2,10.5,49.9,0.0,0.0,0.0,1.3,2.1,62.7,1.6,5.2,6.8,1.3,0.6,0.2,1.3,13.3,"$3,251,000"
97,Dion Waiters,80,27.6,11.8,4.7,11.8,39.6,0.9,3.1,29.7,1.5,2.2,68.0,0.5,1.9,2.4,2.0,1.1,0.3,1.4,8.3,"$4,062,000"
98,Danny Green,81,28.5,11.7,4.0,9.1,43.6,2.4,5.6,41.8,1.4,1.6,87.4,0.7,3.6,4.2,2.0,1.2,1.1,1.1,13.7,"$4,025,000"
99,Draymond Green,79,31.5,11.7,4.3,9.7,44.3,1.4,4.2,33.7,1.7,2.5,66.0,1.4,6.7,8.2,3.7,1.6,1.3,1.7,18.4,"$915,243"
100,David West,66,28.7,11.7,4.9,10.4,47.1,0.1,0.3,20.0,1.8,2.4,73.9,1.6,5.2,6.8,3.4,0.7,0.7,1.8,15.3,"$12,000,000"
101,Aaron Brooks,82,23.0,11.6,4.2,10.0,42.1,1.5,3.8,38.7,1.8,2.1,83.3,0.4,1.6,2.0,3.2,0.7,0.2,1.9,9.6,"$915,243"
102,DeAndre Jordan,82,34.4,11.5,4.6,6.5,71.0,0.0,0.0,25.0,2.3,5.7,39.7,4.8,10.1,15.0,0.7,1.0,2.2,1.3,23.8,"$11,440,123"
103,Ersan Ilyasova,58,22.7,11.5,4.5,9.6,47.2,1.3,3.3,38.9,1.2,1.8,64.5,1.4,3.4,4.8,1.0,0.6,0.3,0.8,11.7,"$7,900,000"
104,Amar'e Stoudemire,59,21.1,11.5,4.6,8.3,55.7,0.0,0.1,0.0,2.3,3.2,72.0,1.9,3.7,5.6,0.8,0.5,0.6,1.3,13.1,"$306,876"
105,Tim Hardaway Jr.,70,24.0,11.5,4.0,10.2,38.9,1.7,5.1,34.2,1.8,2.2,80.1,0.2,2.1,2.2,1.8,0.3,0.2,1.2,8.1,"$1,250,640"
106,Corey Brewer,80,26.1,11.5,4.3,10.1,42.6,0.8,2.9,26.8,2.1,2.8,74.3,1.0,2.7,3.7,2.2,1.4,0.2,1.6,10.9,"$4,702,500"
107,O.J. Mayo,71,23.9,11.4,4.2,9.9,42.2,1.4,3.9,35.7,1.6,2.0,82.7,0.4,2.2,2.6,2.8,0.8,0.3,1.8,10.0,"$8,000,000"
108,Jeremy Lin,74,25.8,11.2,3.7,8.8,42.4,0.9,2.4,36.9,2.9,3.6,79.5,0.4,2.3,2.6,4.6,1.1,0.4,2.2,11.9,"$8,374,646"
109,Jodie Meeks,60,24.4,11.1,3.7,8.9,41.6,1.2,3.5,34.9,2.4,2.7,90.6,0.2,1.5,1.7,1.3,1.0,0.1,1.0,8.8,"$6,000,000"
110,Nene,67,25.3,11.0,4.6,9.0,51.1,0.0,0.1,20.0,1.8,3.0,60.4,1.3,3.9,5.1,1.8,1.0,0.3,1.9,11.9
111,Anthony Morrow,74,24.4,10.7,3.9,8.3,46.3,1.9,4.4,43.4,1.1,1.2,88.8,0.5,2.1,2.6,0.8,0.7,0.1,0.5,9.9,"$3,200,000"
112,Brandon Bass,82,23.5,10.6,4.2,8.3,50.4,0.1,0.4,28.1,2.1,2.6,79.0,1.7,3.2,4.9,1.3,0.5,0.4,1.0,11.9,"$6,900,000"
113,Roy Hibbert,76,25.3,10.6,4.2,9.3,44.6,0.0,0.0,0.0,2.2,2.7,82.4,2.1,5.1,7.1,1.1,0.2,1.6,1.4,13.6,"$14,898,938"
114,Manu Ginobili,70,22.7,10.5,3.6,8.4,42.6,1.3,3.7,34.5,2.1,2.9,72.1,0.4,2.6,3.0,4.2,1.0,0.3,2.2,11.1,"$7,000,000"
115,Marcus Morris,81,25.2,10.4,4.1,9.4,43.4,1.4,3.9,35.8,0.9,1.4,62.8,0.9,3.9,4.8,1.6,0.8,0.2,0.9,11.0,"$2,943,221"
116,Marreese Speights,76,15.9,10.4,4.2,8.5,49.2,0.1,0.2,27.8,2.0,2.3,84.3,1.4,2.8,4.3,0.9,0.3,0.4,1.1,10.6,"$3,657,500"
117,Taj Gibson,62,27.3,10.3,4.1,8.2,50.2,0.0,0.0,0.0,2.1,3.0,71.7,2.6,3.8,6.4,1.1,0.6,1.2,1.2,13.5,"$8,000,000"
118,Tyson Chandler,75,30.5,10.3,3.9,5.9,66.6,0.0,0.0,0.0,2.5,3.4,72.0,3.9,7.6,11.5,1.1,0.6,1.2,1.4,20.4,"$14,846,888"
119,Kelly Olynyk,64,22.3,10.3,3.9,8.3,47.5,1.0,2.7,34.9,1.5,2.1,68.4,1.4,3.3,4.7,1.7,1.0,0.6,1.5,11.8,"$2,075,760"
120,Mario Chalmers,80,29.6,10.2,3.3,8.3,40.3,0.9,3.1,29.4,2.6,3.3,77.4,0.3,2.3,2.6,3.8,1.5,0.1,2.2,10.4,"$4,000,000"
121,Nikola Mirotic,82,20.2,10.2,3.1,7.6,40.5,1.2,3.8,31.6,2.8,3.5,80.3,0.8,4.2,4.9,1.2,0.7,0.7,1.1,11.3,"$5,305,000"
122,Tyler Zeller,82,21.1,10.2,4.1,7.5,54.9,0.0,0.0,0.0,1.9,2.3,82.3,1.8,3.9,5.7,1.4,0.2,0.6,0.9,13.3,"$1,703,760"
123,Zach LaVine,77,24.7,10.1,3.7,8.8,42.2,0.7,2.2,34.1,1.9,2.3,84.2,0.4,2.4,2.8,3.6,0.7,0.1,2.5,9.4,"$2,055,840"
124,Courtney Lee,77,30.6,10.1,3.7,8.4,44.8,1.2,2.9,40.2,1.4,1.7,86.0,0.3,2.0,2.3,2.0,1.0,0.2,1.0,9.6,"$5,450,000"
125,Harrison Barnes,82,28.3,10.1,3.9,8.0,48.2,1.1,2.6,40.5,1.3,1.8,72.0,1.4,4.1,5.5,1.4,0.7,0.2,0.9,12.5,"$3,049,920"
126,Matt Barnes,76,29.9,10.1,3.6,8.2,44.4,1.8,4.9,36.2,1.0,1.3,77.9,0.7,3.3,4.0,1.5,0.9,0.7,1.1,11.1,"$3,396,250"
127,Wayne Ellington,65,25.8,10.0,3.9,9.5,41.2,1.4,3.7,37.0,0.8,1.0,81.3,0.5,2.8,3.2,1.6,0.5,0.0,0.8,8.8,"$915,243"
128,Dennis Schroder,77,19.7,10.0,3.7,8.6,42.7,0.7,1.9,35.1,1.9,2.3,82.7,0.4,1.8,2.1,4.1,0.6,0.1,1.9,9.6,"$1,690,680"
129,Nerlens Noel,75,30.8,9.9,4.0,8.7,46.2,0.0,0.0,0.0,1.9,3.1,60.9,2.5,5.7,8.1,1.7,1.8,1.9,1.9,15.6,"$3,315,120"
130,Wesley Johnson,76,29.5,9.9,3.8,9.1,41.4,1.2,3.4,35.1,1.2,1.5,80.4,0.9,3.3,4.2,1.6,0.8,0.6,1.1,10.3,"$915,243"
131,Luc Mbah a Moute,67,28.6,9.9,3.7,9.5,39.5,0.9,3.0,30.7,1.4,2.4,58.9,1.2,3.7,4.9,1.6,1.2,0.3,1.5,9.6,"$4,382,576"
132,Terrence Ross,82,25.5,9.8,3.8,9.2,41.0,1.8,4.8,37.2,0.5,0.7,78.6,0.4,2.4,2.8,1.0,0.6,0.3,0.8,8.2,"$2,793,960"
133,Gorgui Dieng,73,30.0,9.7,3.5,7.0,50.6,0.0,0.1,16.7,2.6,3.3,78.3,3.1,5.3,8.3,2.0,1.0,1.7,1.7,16.8,"$1,413,480"
134,Timofey Mozgov,81,25.3,9.7,3.9,7.0,55.5,0.0,0.1,33.3,1.9,2.7,71.8,2.5,4.8,7.3,0.7,0.4,1.2,1.4,14.0,"$4,650,000"
135,Robin Lopez,59,27.8,9.6,4.0,7.4,53.5,0.0,0.0,0.0,1.7,2.2,77.2,3.2,3.5,6.7,0.9,0.3,1.4,1.2,13.7,"$6,124,729"
136,Evan Turner,82,27.6,9.5,3.9,9.1,42.9,0.4,1.5,27.7,1.3,1.7,75.2,0.5,4.6,5.1,5.5,1.0,0.2,2.4,13.3,"$3,278,000"
137,D.J. Augustin,82,24.0,9.5,3.1,7.9,39.9,1.0,3.0,33.7,2.2,2.5,86.8,0.2,1.7,2.0,4.3,0.6,0.0,1.8,9.5,"$3,000,000"
138,Greivis Vasquez,82,24.3,9.5,3.6,8.8,40.8,1.6,4.3,37.9,0.6,0.8,75.8,0.3,2.4,2.6,3.7,0.6,0.1,1.5,9.6,"$6,400,000"
139,Mike Dunleavy,63,29.2,9.4,3.3,7.6,43.5,1.7,4.2,40.7,1.1,1.4,80.5,0.4,3.5,3.9,1.8,0.6,0.3,1.0,10.6,"$3,326,235"
140,Luis Scola,81,20.5,9.4,3.7,7.9,46.7,0.1,0.2,25.0,2.0,2.8,69.9,1.7,4.8,6.5,1.3,0.6,0.2,1.2,11.8,"$4,868,499"
141,Nicolas Batum,71,33.5,9.4,3.4,8.5,40.0,1.4,4.4,32.4,1.2,1.4,85.7,0.9,5.0,5.9,4.8,1.1,0.6,1.9,14.5,"$11,765,500"
142,Amir Johnson,75,26.4,9.3,4.0,6.9,57.4,0.3,0.6,41.3,1.1,1.7,61.2,2.1,4.0,6.1,1.6,0.6,0.8,1.5,13.2,"$7,000,000"
143,Marco Belinelli,62,22.4,9.2,3.2,7.6,42.3,1.4,3.7,37.4,1.4,1.6,84.8,0.4,2.1,2.5,1.5,0.5,0.0,1.0,8.2,"$2,873,750"
144,PJ Tucker,78,30.6,9.1,3.3,7.6,43.8,1.1,3.2,34.5,1.3,1.8,72.7,1.5,5.0,6.4,1.6,1.4,0.3,1.2,12.8
145,Bojan Bogdanovic,78,23.8,9.0,3.3,7.4,45.3,1.2,3.3,35.5,1.1,1.4,82.1,0.6,2.1,2.7,0.9,0.4,0.1,1.0,7.8,"$3,278,000"
146,Rajon Rondo,68,29.7,8.9,4.0,9.5,42.6,0.4,1.3,31.4,0.5,1.1,39.7,1.1,4.4,5.5,7.9,1.3,0.1,3.1,14.6,"$12,909,090"
147,Elfrid Payton,82,30.4,8.9,3.7,8.6,42.5,0.1,0.5,26.2,1.4,2.6,55.1,1.3,3.0,4.3,6.5,1.7,0.2,2.5,13.0,"$2,397,840"
148,Solomon Hill,82,29.0,8.9,3.1,7.7,39.6,0.8,2.5,32.7,1.9,2.4,82.4,0.9,3.0,3.8,2.2,0.8,0.2,1.4,9.5,"$1,302,840"
149,Omri Casspi,67,21.1,8.9,3.1,6.4,48.9,0.5,1.3,40.2,2.1,2.9,73.3,0.8,3.1,3.9,1.5,0.5,0.1,1.3,9.5,"$915,243"
150,Hollis Thompson,71,25.0,8.8,3.2,7.6,41.3,1.6,4.0,40.1,0.9,1.3,70.8,0.7,2.0,2.8,1.2,0.8,0.4,0.9,8.2,"$816,482"
151,Devin Harris,76,22.2,8.8,2.9,6.9,41.8,1.3,3.5,35.7,1.7,2.1,81.5,0.2,1.6,1.8,3.1,1.0,0.2,1.1,9.3,"$3,878,896"
152,Mason Plumlee,82,21.3,8.7,3.4,6.0,57.3,0.0,0.0,0.0,1.9,3.9,49.5,2.1,4.1,6.2,0.9,0.8,0.8,1.3,11.7,"$1,357,080"
153,Boris Diaw,81,24.5,8.7,3.6,7.8,46.0,0.7,2.1,32.0,0.9,1.1,77.4,1.0,3.3,4.3,2.9,0.4,0.3,1.6,10.6,"$7,500,000"
154,Chris Kaman,74,18.9,8.6,3.8,7.4,51.5,0.0,0.0,0.0,1.0,1.4,70.6,2.0,4.5,6.5,0.9,0.2,0.7,1.5,11.6,"$4,800,000"
155,Tony Allen,63,26.2,8.6,3.6,7.2,49.5,0.2,0.5,34.5,1.3,2.0,62.7,1.6,2.8,4.4,1.4,2.0,0.5,1.4,11.1,"$4,831,461"
156,Tristan Thompson,82,26.8,8.5,3.3,6.0,54.7,0.0,0.0,0.0,1.9,3.0,64.1,3.3,4.7,8.0,0.5,0.4,0.7,1.0,13.3,"$5,138,430"
157,Rudy Gobert,82,26.3,8.4,3.1,5.2,60.4,0.0,0.0,0.0,2.1,3.3,62.3,3.2,6.2,9.5,1.3,0.8,2.3,1.4,17.6,"$1,127,400"
158,Derrick Williams,74,19.8,8.3,2.9,6.6,44.7,0.7,2.1,31.4,1.8,2.6,68.4,0.6,2.2,2.7,0.7,0.5,0.1,0.8,7.0,"$6,331,404"
159,Ed Davis,79,23.3,8.3,3.6,5.9,60.1,0.0,0.0,0.0,1.2,2.4,48.7,2.9,4.7,7.6,1.2,0.6,1.2,0.7,14.6,"$981,084"
160,Jameer Nelson,63,22.3,8.3,3.3,8.0,40.7,1.4,4.1,34.5,0.4,0.6,66.7,0.5,1.8,2.3,4.0,0.7,0.1,1.7,8.8,"$2,732,000"
161,Zaza Pachulia,73,23.7,8.3,3.3,7.2,45.4,0.0,0.0,0.0,1.7,2.2,78.8,2.7,4.2,6.8,2.4,1.1,0.3,1.8,12.7,"$5,200,000"
162,Lance Stephenson,61,25.8,8.2,3.4,9.0,37.6,0.3,1.7,17.1,1.1,1.8,62.7,0.6,3.9,4.5,3.9,0.6,0.1,2.1,9.0,"$9,000,000"
163,Henry Sims,73,19.2,8.0,3.3,6.9,47.4,0.1,0.3,18.2,1.5,1.9,77.4,1.7,3.3,4.9,1.1,0.5,0.4,1.4,9.6,"$915,243"
164,Iman Shumpert,62,24.9,8.0,3.1,7.6,41.0,1.1,3.2,34.2,0.7,1.0,67.2,0.9,2.7,3.6,2.2,1.3,0.3,1.5,9.1,"$2,616,975"
165,Jason Smith,82,21.8,8.0,3.1,7.2,43.4,0.2,0.5,35.7,1.5,1.9,83.0,1.2,2.8,4.0,1.7,0.4,0.5,1.3,8.9,"$3,278,000"
166,Patrick Patterson,81,26.6,8.0,3.0,6.6,44.9,1.3,3.5,37.1,0.8,1.0,78.8,1.6,3.8,5.3,1.9,0.7,0.5,0.7,12.0,"$5,831,326"
167,Kris Humphries,64,21.0,8.0,3.3,7.0,47.3,0.0,0.1,0.0,1.4,1.8,74.4,1.8,4.7,6.5,0.9,0.5,0.4,0.7,11.4,"$4,250,000"
168,James Johnson,70,19.6,7.9,3.4,5.8,58.9,0.2,0.7,21.6,1.0,1.5,65.7,0.9,2.8,3.7,1.4,0.8,1.0,1.1,10.7,"$2,500,000"
169,KJ McDaniels,62,21.8,7.9,2.8,7.0,39.6,0.7,2.4,28.7,1.6,2.1,75.2,1.0,2.2,3.2,1.2,0.7,1.1,1.7,7.6,"$507,336"
170,Andre Iguodala,77,26.9,7.8,3.0,6.4,46.6,1.0,2.8,34.9,0.9,1.5,59.6,0.6,2.8,3.3,3.0,1.2,0.3,1.1,10.4,"$12,289,544"
171,Marcus Smart,67,27.0,7.8,2.6,7.1,36.7,1.4,4.1,33.5,1.2,1.9,64.6,0.9,2.4,3.3,3.1,1.5,0.3,1.3,9.4,"$3,283,320"
172,Mike Scott,68,16.5,7.8,3.0,6.7,44.4,1.0,2.8,34.4,0.9,1.1,79.2,0.7,2.3,2.9,1.1,0.4,0.0,0.6,7.7,"$3,333,333"
173,Jerryd Bayless,77,22.3,7.8,2.9,6.7,42.6,0.5,1.6,30.8,1.6,1.8,88.3,0.3,2.5,2.7,3.0,0.8,0.2,1.7,8.7,"$3,000,000"
174,Rasual Butler,75,20.1,7.7,2.9,6.9,42.2,1.2,3.1,38.7,0.7,0.9,79.1,0.4,2.3,2.6,0.8,0.4,0.3,0.6,7.1,"$915,243"
175,Steven Adams,70,25.3,7.7,3.1,5.7,54.4,0.0,0.0,0.0,1.5,2.9,50.2,2.8,4.6,7.5,0.9,0.5,1.2,1.4,12.4,"$2,184,960"
176,Jae Crowder,82,20.1,7.7,2.8,6.6,42.0,0.7,2.5,29.3,1.3,1.7,77.3,0.9,2.7,3.6,1.1,0.9,0.3,0.6,8.7,"$915,243"
177,Beno Udrih,79,18.9,7.7,3.1,6.4,48.7,0.3,1.2,26.8,1.1,1.3,85.3,0.3,1.6,1.8,2.8,0.6,0.1,1.1,8.3,"$2,077,000"
178,Norris Cole,75,24.4,7.6,3.1,7.4,41.2,0.7,2.3,31.3,0.8,1.1,71.6,0.2,1.9,2.1,3.4,0.8,0.2,1.3,8.1,"$2,038,206"
179,Cody Zeller,62,24.0,7.6,2.8,6.0,46.1,0.0,0.0,100,2.0,2.6,77.4,1.6,4.3,5.8,1.6,0.5,0.8,1.0,11.6,"$4,030,560"
180,JJ Hickson,73,19.3,7.6,3.0,6.3,47.5,0.0,0.0,0.0,1.6,2.8,57.7,2.1,4.1,6.2,0.8,0.5,0.5,1.3,9.7,"$5,381,750"
181,J.J. Barea,77,17.7,7.5,2.9,7.0,42.0,0.7,2.2,32.3,1.0,1.2,80.9,0.3,1.4,1.7,3.4,0.4,0.0,0.9,7.9,"$909,859"
182,Tayshaun Prince,58,24.1,7.5,3.1,6.9,44.0,0.5,1.2,46.3,0.8,1.1,75.4,0.9,2.7,3.6,1.6,0.5,0.3,0.6,8.7,"$7,707,865"
183,Marvin Williams,78,26.1,7.4,2.7,6.3,42.4,1.2,3.4,35.8,0.8,1.1,71.3,0.7,4.2,4.9,1.3,0.9,0.5,0.8,10.2,"$7,000,000"
184,Ray McCallum,68,21.1,7.4,3.0,6.9,43.8,0.5,1.6,30.6,0.8,1.2,67.9,0.8,1.9,2.6,2.8,0.7,0.2,1.3,8.1,"$816,482"
185,Alan Anderson,74,23.6,7.4,2.6,5.9,44.3,1.0,2.8,34.8,1.1,1.4,81.2,0.4,2.3,2.8,1.1,0.8,0.1,0.8,7.7,"$1,276,061"
186,Omer Asik,76,26.1,7.3,2.8,5.4,51.7,0.0,0.0,0.0,1.7,3.0,58.2,3.2,6.6,9.8,0.9,0.4,0.7,1.3,14.1,"$8,374,646"
187,Channing Frye,75,24.9,7.3,2.5,6.5,39.2,1.8,4.6,39.3,0.4,0.5,88.6,0.4,3.5,3.9,1.3,0.6,0.5,1.0,8.6,"$8,579,088"
188,Brandan Wright,75,19.3,7.3,3.1,4.8,64.2,0.0,0.0,0.0,1.0,1.5,69.6,1.7,2.6,4.3,0.5,0.7,1.3,0.5,11.4,"$5,000,000"
189,Joakim Noah,67,30.6,7.2,2.8,6.4,44.5,0.0,0.0,0.0,1.6,2.6,60.3,3.3,6.4,9.6,4.7,0.7,1.1,1.8,17.0,"$12,700,000"
190,Jared Dudley,72,23.8,7.2,2.8,5.9,46.8,1.0,2.7,38.5,0.7,0.9,71.6,0.6,2.4,3.1,1.8,1.0,0.2,0.9,9.0,"$4,250,000"
191,Carl Landry,70,17.0,7.2,2.7,5.3,51.5,0.0,0.0,0.0,1.8,2.1,82.0,1.4,2.4,3.8,0.4,0.2,0.2,0.8,8.1,"$6,500,000"
192,Trevor Booker,79,19.8,7.2,2.9,5.9,48.7,0.4,1.1,34.5,1.1,1.9,58.1,1.8,3.3,5.0,1.1,0.5,0.5,1.1,9.4,"$5,000,000"
193,Quincy Pondexter,75,23.9,7.2,2.5,6.0,42.1,1.2,3.3,37.3,0.9,1.3,74.0,0.7,1.9,2.6,1.3,0.3,0.3,0.7,7.1,"$3,146,068"
194,Lance Thomas,62,24.0,7.1,2.9,7.1,41.2,0.1,0.4,31.8,1.2,1.6,72.7,1.0,2.1,3.1,1.1,0.6,0.1,1.2,6.3,"$403,784"
195,Leandro Barbosa,66,14.9,7.1,2.8,5.8,47.4,0.7,1.7,38.4,0.9,1.1,78.4,0.3,1.0,1.4,1.5,0.6,0.1,0.7,6.7,"$915,243"
196,Jason Terry,77,21.3,7.0,2.4,5.8,42.2,1.6,4.2,39.0,0.5,0.6,81.3,0.2,1.4,1.6,1.9,0.9,0.2,1.0,7.2,"$5,850,313"
197,John Henson,67,18.3,7.0,2.9,5.2,56.6,0.0,0.0,0.0,1.2,2.0,56.9,1.9,2.8,4.7,0.9,0.4,2.0,1.3,10.6,"$1,987,320"
198,Austin Rivers,76,20.6,7.0,2.7,6.5,40.9,0.5,1.7,29.8,1.1,1.7,67.5,0.4,1.6,2.0,2.0,0.6,0.2,0.9,6.6,"$2,439,840"
199,Jusuf Nurkic,62,17.8,6.9,2.8,6.2,44.6,0.0,0.0,0.0,1.4,2.1,63.6,2.0,4.1,6.2,0.8,0.8,1.1,1.4,10.2,"$1,762,680"
200,Will Barton,58,17.0,6.8,2.6,6.1,42.5,0.4,1.5,27.1,1.3,1.6,78.7,0.4,2.3,2.8,1.4,0.8,0.3,1.1,7.3,"$915,243"
201,CJ McCollum,62,15.7,6.8,2.6,5.9,43.6,0.9,2.2,39.6,0.8,1.2,69.9,0.2,1.2,1.5,1.0,0.7,0.1,0.8,5.7,"$2,421,000"
202,Chase Budinger,67,19.2,6.8,2.5,5.8,43.3,0.8,2.1,36.4,1.0,1.2,82.7,0.5,2.5,3.0,1.0,0.7,0.1,0.7,7.3,"$5,000,000"
203,Cory Joseph,79,18.3,6.8,2.6,5.2,50.4,0.2,0.6,36.4,1.3,1.8,73.4,0.6,1.9,2.4,2.4,0.6,0.2,0.8,8.5,"$2,023,261"
204,Brian Roberts,72,18.5,6.7,2.4,6.3,38.9,0.9,2.7,32.1,0.9,1.0,89.2,0.2,1.3,1.5,2.3,0.5,0.1,0.8,6.2,"$2,732,000"
205,Darrell Arthur,58,17.0,6.6,2.7,6.6,40.4,0.4,1.9,23.6,0.8,1.0,78.0,0.9,2.0,2.9,1.0,0.8,0.4,0.8,6.8,"$3,457,149"
206,Aron Baynes,70,16.0,6.6,2.6,4.7,56.6,0.0,0.1,25.0,1.3,1.5,86.5,1.6,3.0,4.5,0.5,0.2,0.3,0.9,9.0,"$2,077,000"
207,Kevin Seraphin,79,15.6,6.6,2.9,5.7,51.3,0.0,0.0,0.0,0.7,1.0,70.7,1.1,2.5,3.6,0.7,0.1,0.7,1.2,7.5,"$3,898,692"
208,Alexis Ajinca,68,14.1,6.5,2.7,4.8,55.0,0.0,0.0,0.0,1.2,1.5,81.8,1.5,3.1,4.6,0.7,0.3,0.8,1.0,9.4,"$981,084"
209,Anthony Tolliver,76,18.9,6.3,2.1,5.2,41.0,1.4,3.8,36.6,0.7,0.9,78.3,0.7,2.4,3.1,0.8,0.3,0.2,0.7,6.8,"$3,000,000"
210,Jerami Grant,65,21.2,6.3,1.9,5.4,35.2,0.8,2.4,31.4,1.8,3.0,59.1,0.8,2.3,3.0,1.2,0.6,1.0,1.3,6.2,"$884,879"
211,Andrew Bogut,67,23.6,6.3,3.0,5.3,56.3,0.0,0.0,0.0,0.3,0.6,52.4,2.1,6.0,8.1,2.7,0.6,1.7,1.6,15.2,"$12,972,973"
212,Charlie Villanueva,64,10.6,6.3,2.3,5.7,41.4,1.3,3.5,37.6,0.3,0.5,57.1,0.5,1.9,2.3,0.3,0.2,0.3,0.4,5.5,"$915,243"
213,Ramon Sessions,64,18.6,6.3,2.0,5.2,37.4,0.3,0.9,31.7,2.1,2.7,76.9,0.4,1.9,2.3,2.8,0.5,0.0,1.3,6.6,"$2,077,000"
214,Alex Len,69,22.0,6.3,2.6,5.1,50.7,0.0,0.0,33.3,1.1,1.5,70.2,2.1,4.5,6.6,0.5,0.5,1.5,1.1,11.3,"$3,649,920"
215,Shane Larkin,76,24.5,6.2,2.5,5.7,43.3,0.5,1.5,30.2,0.8,1.0,78.2,0.4,1.9,2.3,3.0,1.2,0.1,1.1,8.3,"$1,606,080"
216,Jason Thompson,81,24.6,6.1,2.5,5.3,47.0,0.0,0.0,0.0,1.1,1.8,62.2,1.7,4.8,6.5,1.0,0.4,0.7,1.0,10.3,"$6,037,500"
217,Tony Snell,72,19.6,6.0,2.2,5.2,42.9,1.0,2.7,37.1,0.6,0.8,80.0,0.4,2.0,2.4,0.9,0.4,0.2,0.7,6.2,"$1,472,400"
218,Tarik Black,63,19.0,6.0,2.5,4.3,57.5,0.0,0.0,0.0,1.0,1.9,55.1,2.3,3.6,5.8,0.7,0.3,0.4,0.8,9.8,"$507,336"
219,Otto Porter Jr.,74,19.4,6.0,2.4,5.3,45.0,0.5,1.4,33.7,0.8,1.1,73.4,0.9,2.0,3.0,0.9,0.6,0.4,0.7,7.0,"$4,470,480"
220,Kyle Singler,80,21.8,6.0,2.2,5.6,38.6,1.2,3.0,39.8,0.5,0.7,76.9,0.4,2.0,2.4,1.1,0.6,0.3,0.7,6.1,"$1,090,000"
221,Jonas Jerebko,75,16.4,6.0,2.3,5.1,44.6,0.7,1.9,38.6,0.7,0.9,84.8,1.2,2.5,3.8,0.9,0.6,0.2,0.6,8.0,"$4,500,000"
222,Shaun Livingston,78,18.8,5.9,2.5,5.1,50.0,0.0,0.0,0.0,0.8,1.2,71.4,0.6,1.8,2.3,3.3,0.6,0.3,1.3,8.3,"$5,305,000"
223,Caron Butler,78,20.8,5.9,2.1,5.1,40.7,1.1,2.8,37.9,0.7,0.8,90.2,0.3,2.2,2.5,1.0,0.6,0.1,0.6,6.3,"$4,500,000"
224,Quincy Acy,68,18.9,5.9,2.2,4.9,45.9,0.3,0.9,30.0,1.1,1.4,78.4,1.2,3.3,4.4,1.0,0.4,0.3,0.9,8.2,"$915,243"
225,Richard Jefferson,74,16.8,5.8,1.9,4.4,44.4,0.9,2.1,42.6,1.1,1.5,68.4,0.3,2.1,2.5,0.8,0.4,0.1,0.7,6.1,"$915,243"
226,Spencer Hawes,73,17.5,5.8,2.2,5.7,39.3,0.8,2.4,31.3,0.6,0.9,64.7,0.4,3.1,3.5,1.2,0.3,0.7,0.8,7.0,"$5,305,000"
227,Vince Carter,66,16.5,5.8,2.0,6.2,33.3,1.0,3.5,29.7,0.7,0.9,78.9,0.4,1.6,2.0,1.2,0.7,0.2,0.7,5.0,"$3,911,981"
228,Kirk Hinrich,66,24.4,5.7,2.2,5.8,37.3,0.9,2.5,34.5,0.5,0.8,70.0,0.3,1.5,1.8,2.2,0.7,0.2,1.1,5.7,"$2,732,000"
229,Pero Antic,63,16.5,5.7,1.7,4.7,36.5,0.8,2.7,30.1,1.4,2.0,71.5,0.9,2.1,3.0,0.8,0.3,0.2,0.8,5.6,"$1,250,000"
230,Al-Farouq Aminu,74,18.5,5.6,2.0,4.8,41.2,0.5,1.7,27.4,1.1,1.6,71.2,1.5,3.1,4.6,0.8,0.9,0.8,0.7,8.7,"$981,084"
231,Cole Aldrich,61,16.0,5.5,2.4,4.9,47.8,0.0,0.0,0.0,0.8,1.0,78.1,1.7,3.9,5.5,1.2,0.6,1.1,1.0,10.2,"$915,243"
232,Shawne Williams,63,17.3,5.4,1.9,4.8,40.3,1.0,2.8,36.0,0.6,0.6,87.5,0.6,2.1,2.6,0.7,0.4,0.3,0.5,6.1,"$1,227,985"
233,Chris Andersen,60,18.9,5.3,2.0,3.5,58.0,0.1,0.2,30.8,1.3,1.9,66.7,1.3,3.7,5.0,0.7,0.4,1.0,0.7,9.7,"$5,375,000"
234,JaKarr Sampson,74,15.3,5.2,2.0,4.7,42.2,0.4,1.7,24.4,0.9,1.3,67.0,0.5,1.7,2.2,1.0,0.5,0.4,1.0,5.2,"$507,336"
235,Kent Bazemore,75,17.7,5.2,1.9,4.4,42.6,0.6,1.8,36.4,0.8,1.3,60.0,0.3,2.7,3.0,1.0,0.7,0.4,1.0,6.3,"$2,000,000"
236,Kosta Koufos,81,16.6,5.2,2.2,4.4,50.8,0.0,0.0,0.0,0.7,1.0,64.7,1.5,3.8,5.3,0.5,0.4,0.8,0.9,8.6,"$3,000,000"
237,Dante Cunningham,66,25.0,5.2,2.3,5.1,45.7,0.0,0.2,10.0,0.4,0.7,61.7,1.1,2.8,3.9,0.8,0.7,0.6,0.5,7.5,"$716,043"
238,James Ennis III,62,17.0,5.0,1.6,4.0,40.9,0.5,1.5,32.6,1.3,1.5,84.0,0.8,2.0,2.8,0.8,0.4,0.3,0.6,6.1,"$507,336"
239,Joe Ingles,79,21.2,5.0,1.9,4.5,41.5,0.9,2.6,35.6,0.4,0.5,75.0,0.3,1.9,2.2,2.3,0.9,0.1,1.2,6.6,"$507,336"
240,Lavoy Allen,63,17.0,5.0,2.2,4.7,47.2,0.0,0.0,0.0,0.5,0.7,70.2,2.0,3.2,5.1,1.2,0.2,0.7,0.6,8.8,"$915,243"
241,Dante Exum,82,22.2,4.8,1.8,5.1,34.9,1.0,3.2,31.4,0.2,0.4,62.5,0.3,1.3,1.6,2.4,0.5,0.2,1.4,4.6,"$3,615,000"
242,Matthew Dellavedova,67,20.6,4.8,1.7,4.6,36.2,1.0,2.5,40.7,0.4,0.6,76.3,0.6,1.3,1.9,3.0,0.4,0.0,0.9,6.1,"$816,482"
243,Bismack Biyombo,64,19.4,4.8,1.6,2.9,54.3,0.0,0.0,0.0,1.6,2.7,58.3,2.5,3.9,6.4,0.3,0.3,1.5,0.8,9.9,"$3,873,398"
244,Damjan Rudez,68,15.4,4.8,1.8,3.9,45.2,1.0,2.5,40.6,0.2,0.3,69.6,0.1,0.6,0.7,0.8,0.2,0.1,0.7,3.6,"$1,100,000"
245,Robert Sacre,67,16.9,4.6,1.9,4.6,41.2,0.0,0.0,0.0,0.8,1.2,67.1,1.3,2.1,3.5,0.8,0.4,0.6,0.5,6.3,"$915,243"
246,Jon Leuer,63,13.1,4.5,1.9,4.3,44.3,0.1,0.5,24.1,0.6,0.9,62.7,0.8,2.5,3.3,0.7,0.3,0.1,0.6,5.7,"$967,500"
247,Andre Miller,81,15.5,4.4,1.8,3.6,50.0,0.1,0.4,20.6,0.7,1.0,75.3,0.5,1.4,1.9,3.5,0.4,0.1,1.3,6.9,"$4,650,000"
248,Nik Stauskas,73,15.4,4.4,1.5,4.1,36.5,0.7,2.0,32.2,0.8,0.9,85.9,0.2,1.1,1.2,0.9,0.3,0.2,0.5,3.8,"$2,745,840"
249,Ian Mahinmi,61,18.8,4.3,1.9,3.5,55.2,0.0,0.0,0.0,0.5,1.7,30.4,1.7,4.1,5.8,0.5,0.5,0.8,1.0,8.3,"$4,000,000"
250,Steve Blake,81,18.9,4.3,1.5,4.0,37.3,1.0,2.7,35.2,0.4,0.5,70.7,0.2,1.5,1.7,3.6,0.5,0.1,1.3,6.2,"$2,077,000"
251,Justin Holiday,59,11.1,4.3,1.5,4.0,38.7,0.6,1.8,32.1,0.6,0.8,82.2,0.2,1.0,1.2,0.8,0.7,0.2,0.5,4.2,"$816,482"
252,Udonis Haslem,62,16.0,4.2,1.7,3.9,44.8,0.0,0.2,20.0,0.7,1.0,70.3,1.1,3.0,4.2,0.7,0.3,0.2,0.7,6.6,"$2,732,000"
253,Nick Calathes,58,14.4,4.2,1.8,4.3,42.1,0.2,0.7,25.6,0.4,0.8,53.3,0.3,1.5,1.8,2.5,1.1,0.1,1.1,5.8,"$816,482"
254,Nick Collison,66,16.7,4.1,1.6,3.8,41.9,0.2,0.9,26.7,0.7,1.0,69.2,1.4,2.4,3.8,1.4,0.5,0.4,0.7,7.0,"$2,242,003"
255,Pablo Prigioni,67,17.9,4.1,1.4,3.4,39.9,0.9,2.5,34.3,0.5,0.6,85.4,0.4,1.3,1.8,2.6,1.2,0.0,0.9,6.6,"$1,662,961"
256,Luke Babbitt,63,13.2,4.1,1.5,3.0,47.9,0.9,1.8,51.3,0.2,0.3,68.4,0.2,1.6,1.8,0.4,0.3,0.2,0.4,4.6,"$981,084"
257,Miles Plumlee,73,16.4,4.0,1.9,3.5,53.5,0.0,0.0,0.0,0.3,0.6,47.8,1.5,2.8,4.4,0.5,0.6,0.9,0.7,7.7,"$1,169,880"
258,Glen Davis,74,12.2,4.0,1.6,3.4,45.9,0.0,0.1,0.0,0.8,1.3,63.2,0.6,1.7,2.3,0.5,0.6,0.3,0.5,4.8,"$915,243"
259,Hedo Turkoglu,62,11.4,3.7,1.3,3.0,44.1,1.0,2.2,43.2,0.1,0.2,54.5,0.1,1.5,1.6,0.6,0.3,0.1,0.5,4.1,"$915,243"
260,Matt Bonner,72,13.0,3.7,1.3,3.2,40.9,0.6,1.8,36.5,0.4,0.5,81.1,0.4,1.2,1.6,0.7,0.1,0.2,0.2,4.1,"$915,243"
261,Dewayne Dedmon,59,14.3,3.7,1.5,2.7,56.2,0.0,0.0,0.0,0.6,1.1,53.1,2.0,3.0,5.0,0.2,0.3,0.8,0.9,7.4,"$816,482"
262,Tyler Hansbrough,74,14.3,3.6,1.2,2.2,52.1,0.0,0.1,14.3,1.3,1.9,69.8,1.4,2.1,3.6,0.3,0.4,0.2,0.3,6.2,"$3,326,235"
263,Kendrick Perkins,68,16.9,3.6,1.5,3.3,44.9,0.0,0.0,0.0,0.6,1.2,50.6,1.3,3.4,4.7,0.8,0.2,0.6,1.4,6.1,"$274,573"
264,Andre Roberson,67,19.2,3.4,1.4,3.0,45.8,0.3,1.3,24.7,0.3,0.7,47.9,0.9,2.9,3.8,1.0,0.8,0.4,0.7,6.8,"$1,160,880"
265,Jason Maxiell,61,14.4,3.3,1.3,3.1,42.2,0.0,0.0,0.0,0.7,1.2,57.7,1.4,1.9,3.3,0.3,0.3,0.7,0.5,5.2,"$915,243"
266,Joey Dorsey,69,12.4,2.7,1.2,2.1,55.2,0.0,0.0,0.0,0.3,1.2,28.9,1.5,2.6,4.0,0.4,0.6,0.4,0.6,5.6,"$948,163"
